conversacion,plantilla,mensaje,botones,tipo,proposito,estado,activo,equipo,equipo_fuente,nivel_documentacion,en_uso_real,envios_historicos,entregados_historicos,tasa_respuesta_hist,n_envios_batches,primer_envio,ultimo_envio,auditoria
Recordatorio 3hs antes,recordatorio_sdd,Hola {{hubspot_firstname}} 👋🏼 Te recordamos que tienes una sesión agendada en Opción Yo en 3 horas. Tenlo presente para estar en un rinconcito privado y sin distracciones 🧘🏼✨ ¡Te esperamos! 💛,Sin botones,Utilidad,Recordatorio de sesion agendada 3 horas antes,Push Activo,True,Consultores,Original (spreadsheet),Completa,True,6411,6289,13.8,405,2026-01-03 11:01:12,2026-07-17 21:00:29,OK
1ss No asistió a primera sesión,freepass_cl_no_asistio_primera_sesion,"Hola {{hubspot_firstname}}, nos percatamos de que no lograste asistir a tu primera sesión. Tu especialista nos avisó que te esperó y nos apena que no hayas logrado asistir. Estamos acá para apoyarte.",Sin botones,Utilidad,Cuando el cliente no asiste a primera sesión,Push Activo,True,Consultores,Original (spreadsheet),Completa,False,0,0,,0,,,Sin envíos detectados en el período del reporte (puede ser normal si es trigger puntual)
Agendamiento exitoso,ag_existoso_15_min_despues_de_agendar,"Tu sesión ha sido programada con éxito. Mientras tanto, puedes ingresar a la plataforma y visitar tu perfil para ver un breve tutorial que te ayudará a familiarizarte con todas las funcionalidades que tenemos.",adelantar                             no gracias,Utilidad,Cuando agenda exitosamente viejo onboarding,Push Activo,True,ATC,Original (spreadsheet),Completa,False,0,0,,0,,,Sin envíos detectados en el período del reporte (puede ser normal si es trigger puntual)
Cliente no asistió,cl_no_asistio,"Hola {{hubspot_firstname}}, nos percatamos de que no lograste asistir a tu sesión agendada. Tu especialista nos avisó que te esperó y nos apena que no hayas logrado asistir. Estamos acá para apoyarte.",Solicitar asistencia,Utilidad,Cuando el cliente no asiste,Push Activo,True,Mantenimiento,Original (spreadsheet),Completa,False,0,0,,0,,,Sin envíos detectados en el período del reporte (puede ser normal si es trigger puntual)
Confirmación de match,confirm_match,"Hola, {{hubspot_firstname}}. El primer paso para asegurar que tu experiencia sea de calidad, es hacer click con tu especialista. ✅

Si no estás conforme recuerda que te podemos poner en contacto con tu Consultor/a, para darte garantía y apoyarte a encontrar otro especialista para que logres tus objetivos. ✨","Me gustó
Cambiar",Utilidad,cuando no confirma el match desde la plataforma entonces se le manda por whatsapp,Push Activo,True,Consultores,Original (spreadsheet),Completa,False,0,0,,0,,,Sin envíos detectados en el período del reporte (puede ser normal si es trigger puntual)
Cuarta sesión si asistió,seguimiento_4ss_asistio,"Hola {{hubspot_firstname}}

Terminaste tus primeras 4 sesiones 🎉

Ahora empiezas una etapa más profunda de tu proceso. Si algo no ha sido como esperabas o necesitas claridad para el siguiente paso, estoy aquí para ayudarte.","Quiero que me escribas
Todo estuvo bien",Marketing,cuando termina exitosamente la 4ta sesion,Push Activo,True,Consultores,Original (spreadsheet),Completa,False,0,0,,0,,,Sin envíos detectados en el período del reporte (puede ser normal si es trigger puntual)
"Inasistencia 2, 3 o 4ta sesión con AR",inasis_sin_etapa_10__ver_2,"Hola {{hubspot_firstname}}, notamos que no lograste asistir a tu sesión. Tu especialista te esperó y nos apena que no hayas podido conectarte. Te recordamos que tu próxima sesión está agendada para el {{hubspot_proxima_sesion}}. Si alguna situación te está impidiendo asistir, por favor comunícate con nosotros para ayudarte a reagendar con tiempo y continuar tu proceso 🫶",Sin botones,Utilidad,cuando el cliente de primer mesno asiste y tiene AR,Push Activo,True,Consultores,Original (spreadsheet),Completa,False,0,0,,0,,,Sin envíos detectados en el período del reporte (puede ser normal si es trigger puntual)
"Inasistencia 2, 3, o 4ta sesión",inasistencia_sin_sesion_futura_version_2,"Hola {{hubspot_firstname}}, notamos que no pudiste asistir a tu sesión.

Si hay algo que esté dificultando tu asistencia, estamos aquí para ayudarte.",Sin botones,Utilidad,cuando el cliente de primer mesno asiste y no tiene AR,Push Activo,True,Consultores,Original (spreadsheet),Completa,False,0,0,,0,,,Sin envíos detectados en el período del reporte (puede ser normal si es trigger puntual)
Inasistencia Primera sesión,seguimiento_1ss_no_asistio,"Hola {{hubspot_firstname}},

Vimos que no pudiste asistir a tu primera sesión y nos apena mucho. Sabemos que a veces surgen imprevistos y tu especialista nos pidió contactarte para ayudarte a reagendar.

Lo importante es que tu proceso pueda comenzar pronto. Aunque normalmente las sesiones no canceladas con al menos 24h se consideran tomadas, al ser la primera queremos que puedas recuperarla.

Quedamos pendientes de ti para reagendarla. 💛","Reagendar mi sesión
Quiero que me contacten",Utilidad,Cuando no asiste a la primera sesión,Push Activo,True,Consultores,Original (spreadsheet),Completa,False,0,0,,0,,,Sin envíos detectados en el período del reporte (puede ser normal si es trigger puntual)
Inasistencia con AR,inasis_sin_etapa_10_ver_2,"Hola {{hubspot_firstname}}, notamos que no lograste asistir a tu sesión. Tu especialista te esperó y nos apena que no hayas podido conectarte. Te recordamos que tu próxima sesión está agendada para el {{hubspot_proxima_sesion}}. Si alguna situación te está impidiendo asistir, por favor comunícate con nosotros para ayudarte a reagendar con tiempo y continuar tu proceso 🫶",Sin botones,Utilidad,cuando el cliente de otros meses no asiste y tiene AR,Push Activo,True,ATC,Original (spreadsheet),Completa,True,123,122,20.8,2,2026-01-27 12:31:06,2026-01-28 13:30:21,OK
Inasistencia sin AR,inasis_sin_etapa_10_ver_2,"Hola {{hubspot_firstname}}, notamos que no lograste asistir a tu sesión. Tu especialista te esperó y nos apena que no hayas podido conectarte. Te recordamos que tu próxima sesión está agendada para el {{hubspot_proxima_sesion}}. Si alguna situación te está impidiendo asistir, por favor comunícate con nosotros para ayudarte a reagendar con tiempo y continuar tu proceso 🫶",Sin botones,Utilidad,cuando el cliente de otros meses no asiste y no tiene AR,Push Activo,True,ATC,Original (spreadsheet),Completa,False,0,0,,0,,,Sin envíos detectados en el período del reporte (puede ser normal si es trigger puntual)
Inasistencia sin sesiones futuras,inasistencia_sin_sesion_futura_version_2,"Hola {{hubspot_firstname}}, notamos que no pudiste asistir a tu sesión.

Si hay algo que esté dificultando tu asistencia, estamos aquí para ayudarte.",Sin botones,Utilidad,Cuando el cliente no asiste y no tiene otras sesiones agendadas,Push Activo,True,ATC,Original (spreadsheet),Completa,True,66,65,26.2,1,2026-01-28 13:30:28,2026-01-28 13:30:28,OK
Informe pago fallido 48hs,informe_pago_fallido,"Hola, {{hubspot_firstname}}💛 Te escribimos porque no pudimos procesar el pago de tu plan en Opción Yo. 

Si necesitas ayuda para revisar tu método de pago, respóndenos este mensaje. 

Estamos aquí para ayudarte ✨",Sin botones,Utilidad,48 horas después de que el pago haya fallido,Push Activo,True,ATC,Original (spreadsheet),Completa,True,10,9,55.6,1,2026-07-02 13:10:13,2026-07-02 13:10:13,OK
Llamada desde WHATSAPP,push_wa_llamada,"Hola {{hubspot_firstname}}, espero te encuentres bien. Soy tu consultor en Opción Yo y estaré contactándote por llamada en los próximos minutos desde el número +1 305 7442903 para poder apoyarte en tu proceso de bienestar. Espero me puedas contestar.",Solicitar asistencia,Utilidad,Avisa al cliente que recibirá una llamada cercana de su consultor desde un número específico.,Push Activo,True,Consultores,Inferido por patrón de nombre (revisar),Completa,False,0,0,,0,,,Sin envíos detectados en el período del reporte (puede ser normal si es trigger puntual)
Mensaje bienvenida a Opción Yo,mensaje_bienvenida,"¡Bienvenido a Opción Yo! 💙

Tu compra ha sido procesada con éxito. A partir de ahora, este será tu contacto de atención al cliente. Si en algún momento necesitas ayuda o tienes alguna dificultad, no dudes en escribirnos. Estamos aquí para apoyarte en tu camino. 🚀✨

¡Que disfrutes tu experiencia! 😊",Sin botones,Utilidad,Inmediatamente con la compra,Push Activo,True,Consultores,Original (spreadsheet),Completa,False,0,0,,0,,,Sin envíos detectados en el período del reporte (puede ser normal si es trigger puntual)
Notificación especialista sesión hoy,aviso_esp_agenda_hoy_con_datos,"Hola {{hubspot_firstname}}, Tienes una nueva sesión agendada con {{hubspot_hsm_sesion_agendada_yopsi_id_cliente}} para el día {{hubspot_hsm_sesion_agendada_yopsi_id_fecha_hora_cita}}. Por favor revisa tu agenda para estar disponible a la hora programada. ⏰",Sin botones,Utilidad,Notificacion hacia el especialista para recordar que tiene sesion agendada hoy,Push Activo,True,ATC,Original (spreadsheet),Completa,False,0,0,,0,,,Sin envíos detectados en el período del reporte (puede ser normal si es trigger puntual)
Onboarding 24hs sin agendar consultoria,onb_push_24hs_ver4,"Hola {{hubspot_firstname}}, vimos que aún no has finalizado tus datos para iniciar tu proceso. Puedes completarlos aquí.
Si necesitas ayuda, estamos disponibles.",link: Continuar,Utilidad,"viejo onboarding, cuando ha pasado 24hs sin agendar la consultoria",Push Activo,True,Consultores,Original (spreadsheet),Completa,False,0,0,,0,,,Sin envíos detectados en el período del reporte (puede ser normal si es trigger puntual)
Onboarding 3hs sin agendar consultoria,onb_3hs_v3,"Hola {{hubspot_firstname}}, vimos que iniciaste tu proceso en Opción Yo. Para continuar, es necesario completar tu información aquí.
Si necesitas ayuda con este paso, podemos acompañarte.",link: Continuar,Utilidad,"viejo onboarding, cuando ha pasado 3hs sin agendar la consultoria",Push Activo,True,Consultores,Original (spreadsheet),Completa,False,0,0,,0,,,Sin envíos detectados en el período del reporte (puede ser normal si es trigger puntual)
Onboarding 6hs sin agendar Consultoria,onb_6hs_ver4,"Hola {{hubspot_firstname}}, notamos que tu registro está en curso. Para poder avanzar con tu proceso en Opción Yo, puedes completar tu información aquí. ¿Te gustaría apoyo para hacerlo?",link: Continuar,Utilidad,"viejo onboarding, cuando ha pasado 6hs sin agendar la consultoria",Push Activo,True,Consultores,Original (spreadsheet),Completa,False,0,0,,0,,,Sin envíos detectados en el período del reporte (puede ser normal si es trigger puntual)
Pago fallido,past_due_utilidad,"Hola {{hubspot_firstname}}, no pudimos procesar el pago de tu suscripción. Para evitar la interrupción del servicio, te recomendamos revisar o actualizar tu información de pago. Si necesitas asistencia, estamos disponibles para ayudarte.",Sin botones,Utilidad,Cuando el pago falla,Push Activo,True,ATC,Original (spreadsheet),Completa,True,930,888,13.7,74,2026-01-03 17:31:25,2026-07-01 17:30:43,OK
Pago fallido AR dia 5,payment_update,"{{hubspot_firstname}}, el intento de pago en Opción Yo no se procesó correctamente. Si deseas mantener tu reserva con el especialista, te recomendamos contactarnos dentro de las próximas 24 horas para revisar las opciones disponibles.",Sin botones,Utilidad,Cuando el pago falla y tiene AR,Push Activo,True,ATC,Original (spreadsheet),Completa,True,11,11,18.2,1,2026-01-21 17:32:30,2026-01-21 17:32:30,OK
Primera sesión si asistió,1ss_saludo_consultor,"Hola {{hubspot_firstname}} 🌱 Soy {{hubspot_hsm_nombre_consultor}}, Te escribo para asegurar que estás conforme con tu primera sesión. ¿Te sentiste escuchado/a? ¿Hubo claridad? ¿Sentiste conexión?  Si algo no te convenció, escríbeme y lo revisamos juntos.",quiero que me escribas       todo estuvo bien,Utilidad,Cuando completa exitosamente la primera sesión,Push Activo,True,Consultores,Original (spreadsheet),Completa,False,0,0,,0,,,Sin envíos detectados en el período del reporte (puede ser normal si es trigger puntual)
Problemas técnicos,utilidad_problemas_tecnicos,"Hola {{hubspot_firstname}}, te contactamos de acuerdo a tu solicitud de ayuda por los problemas técnicos recientes que tuviste. Queremos ayudarte para evitar esto en tu próxima sesión.",Sin botones,Utilidad,Cuando tiene problemas tecnicos y ticket creado,Push Activo,True,ATC,Original (spreadsheet),Completa,False,0,0,,0,,,Sin envíos detectados en el período del reporte (puede ser normal si es trigger puntual)
Puntuación 1,problemas_tecnicos_dic_2025,Hola {{hubspot_firstname}} 💚 Vimos que tu última sesión presentó inconvenientes técnicos. Lamentamos la experiencia y queremos ayudarte a resolverlo cuanto antes.   ¿Podemos contactarte para revisar lo ocurrido y apoyarte?,Mensaje por Whatsapp Prueba tecnica               No deseo asistencia,Utilidad,Cuando puntua 1,Push Activo,True,ATC,Original (spreadsheet),Completa,False,0,0,,0,,,Sin envíos detectados en el período del reporte (puede ser normal si es trigger puntual)
Puntuación 2,problemas_tecnicos_dic_2025,Hola {{hubspot_firstname}} 💚 Vimos que tu última sesión presentó inconvenientes técnicos. Lamentamos la experiencia y queremos ayudarte a resolverlo cuanto antes.   ¿Podemos contactarte para revisar lo ocurrido y apoyarte?,Mensaje por Whatsapp Prueba tecnica               No deseo asistencia,Utilidad,Cuando puntua 2,Push Activo,True,ATC,Original (spreadsheet),Completa,False,0,0,,0,,,Sin envíos detectados en el período del reporte (puede ser normal si es trigger puntual)
Puntuación 3,hsm_problemas_tecnicos,Hola {{hubspot_firstname}}🌿 Notamos que calificaste tu última sesión con un 3. Queremos asegurarnos de que tus próximas videollamadas funcionen sin inconvenientes.  ¿Te gustaría que te ayudemos con soporte técnico?,Mensaje por Whatsapp Prueba tecnica               No deseo asistencia,Utilidad,Cuando puntua 3,Push Activo,True,ATC,Original (spreadsheet),Completa,False,0,0,,0,,,Sin envíos detectados en el período del reporte (puede ser normal si es trigger puntual)
Push Recomenzar-onboarding Whatsapp,recomenzar_utilidad_1,"Hola {{hubspot_firstname}}, notamos que tu intento de agendar tu Tour de Bienvenida con tu Consultor de Bienestar no se completó. ¿Podemos ayudarte?",Sin botones,Utilidad,Cuando no agenda viejo onboarding,Push Activo,True,Consultores,Original (spreadsheet),Completa,False,0,0,,0,,,Sin envíos detectados en el período del reporte (puede ser normal si es trigger puntual)
Push postergar y agendar,push_agendar_pausa,"¡Hola {{hubspot_firstname}}! 🌟  Recibimos tu postergación de pago y notamos que tienes sesiones sin agendar. Queremos ayudarte para que no expiren durante tu ausencia.  Para que esto no ocurra, sigue estos pasos:   Puedes agendarlas tu mismo ➡️ (opcionyo.com/paciente) Puedes solicitar apoyo ➡️ un agente te asistirá en este chat.  Equipo de Opción Yo.",Solicitar ayuda,Utilidad,Cuando posterga y deja sesiones sin agendar,Push Activo,True,ATC,Original (spreadsheet),Completa,False,0,0,,0,,,Sin envíos detectados en el período del reporte (puede ser normal si es trigger puntual)
Push renovación etapa 9,renovacion_sin_sesiones_agendadas,"Hola {{hubspot_firstname}}, se registró la renovación de tu plan hace 72 horas. Se encuentran disponibles nuevas sesiones en tu cuenta para agendar. Para más información puedes contactarnos.",Sin botones,Utilidad,Cuando se renueva y no agenda sus sesiones,Push Activo,True,ATC,Original (spreadsheet),Completa,False,0,0,,0,,,Sin envíos detectados en el período del reporte (puede ser normal si es trigger puntual)
Push sesión en 72hs,sesion_en_72hs,"Hola {{hubspot_firstname}}, Notamos que no lograste asistir a tu última sesión. Queremos recordarte que tienes una próxima sesión agendada en 72 horas. Si necesitas modificarla o tienes algún inconveniente, contáctanos con anticipación para ayudarte a reagendar sin que pierdas tu espacio 🌿. La constancia es clave para que tu proceso sea exitoso. Estamos aquí para acompañarte ✨",Sin botones,Utilidad,Cuando el cliente no asistió a su ultima sesión y tiene otra en 72hs,Push Activo,True,ATC,Original (spreadsheet),Completa,False,0,0,,0,,,Sin envíos detectados en el período del reporte (puede ser normal si es trigger puntual)
Queremos que vuelvas,rete_sgm_v1,"Hola {{hubspot_firstname}}, Tu registro de bienestar ha sido iniciado en el sistema.","Ver estado
Revisar registro
Soporte",Utilidad,"promo exclientes de cancelaciones, creo que es automático",Push Activo,True,ATC,Inferido por patrón de nombre (revisar),Completa,True,857,826,17.9,16,2026-03-26 17:15:26,2026-04-04 09:02:14,OK
Recomenzar mensaje a los 12 horas,etapa_5_push_nuevo_12_hs,"Hola {{hubspot_firstname}}, aún tienes pendiente agendar tu Tour de Bienvenida. ¿Podemos agendarlo ahora?",Sin botones,Utilidad,Cuando compró hace 12 horas y no hizo viejo onboarding,Push Activo,True,Consultores,Original (spreadsheet),Completa,True,15,14,50.0,1,2026-01-28 12:00:25,2026-01-28 12:00:25,OK
Recordatorio 1h antes,q3_recordatorio_1_hr_antes,Hola {{hubspot_firstname}} 👋🏼 Te recordamos que tu sesión agendada en Opción Yo empieza en 1 hora. Busca un rinconcito privado y sin distracciones 🧘🏼‍♀✨ ¡Te esperamos! 💛,Sin botones,Utilidad,Cuando tiene sesión en 1 hora,Push Activo,True,ATC,Original (spreadsheet),Completa,True,33,33,6.7,3,2026-01-20 12:00:56,2026-02-24 12:00:50,OK
Recordatorio 30 minutos antes,sesion_30_min,¡Hola {{hubspot_firstname}}! 👋   Tu sesión comenzará en 30 minutos.   Haz click en el botón azul ➡️ en nuestra plataforma para habilitar la sesión. Accede a tu perfil aquí 👇🏻   https://opcionyo.com/paciente ¿Listo para empezar?,Confirmar Asistencia     Llegare tarde                  No voy a llegar,Marketing,Cuando tiene sesión en 30 minutos,Push Activo,True,ATC,Original (spreadsheet),Completa,False,0,0,,0,,,Sin envíos detectados en el período del reporte (puede ser normal si es trigger puntual)
Recordatorio Sesión en 28hs,push_26_hs_mas_directo,"Hola {{hubspot_firstname}}, Tu sesión es mañana a las {{hubspot_sesion_en_28hs}}, Como no hemos recibido cambios, tu sesión sigue confirmada. Si no podrás asistir, puedes reagendarla dentro de las próximas 2h. Las sesiones no canceladas con 24h de anticipación se consideran tomadas. Gracias por tu compromiso ✨",Confirmar                 Reagendar,Utilidad,Cuando tiene sesion en 28hs para que confirme su asistencia. Si no responde manda otro mensaje 26hs antes de su sesión para que confirme,Push Activo,True,ATC,Original (spreadsheet),Completa,True,16794,16464,50.0,1415,2026-02-26 17:01:01,2026-07-20 14:07:22,OK
Recordatorio consultoria 30 min antes,notif_record_tour_con_foto_no_whatsapp,"Hola {{hubspot_firstname}} 👋🏻, te recordamos que tu Tour de Bienvenida agendado en Opción Yo comenzará en 30 minutos.   Recuerda que para acceder al Tour debes ingresar a la plataforma. Si necesitas ayuda, estamos aquí para ti.",Sin botones,Utilidad,30 minutos antes de su consultoria,Push Activo,True,Consultores,Original (spreadsheet),Completa,True,140,137,17.8,2,2026-01-27 02:30:42,2026-01-28 11:30:28,OK
Segunda Sesión - Si asistió,sgm_2ss_v2,"Hola {{hubspot_firstname}} Te escribo para dar seguimiento a tu segunda sesión. ¿Todo se está desarrollando correctamente con tu especialista? Si necesitas apoyo para ajustar algo, puedo ayudarte.",Quiero que me escribas    Todo Estuvo bien,Utilidad,Cuando completa exitosamente su segunda sesión,Push Activo,True,Consultores,Original (spreadsheet),Completa,False,0,0,,0,,,Sin envíos detectados en el período del reporte (puede ser normal si es trigger puntual)
Sin sesiones agendadas,vigencia_sesiones_sin_agendar,"Hola {{hubspot_firstname}}, hay sesiones disponibles en tu cuenta con vencimiento próximo. Puedes revisarlas y agendarlas desde la plataforma. Si requieres asistencia, estamos disponibles para ayudarte.",Sin botones,Utilidad,Cuando no tiene agendadas sus sesiones,Push Activo,True,ATC,Original (spreadsheet),Completa,True,44,43,11.4,2,2026-01-20 15:01:13,2026-01-28 15:00:27,OK
Tercera sesión si asistió,ss_3ra_ss_si_asistio_v6,"Hola {{hubspot_firstname}} Soy {{hubspot_hsm_nombre_consultor}}. Paso para verificar que tu proceso continua bien. Si necesitas realizar algún cambio o tienes alguna inquietud, puedes escribirme.",Quiero que me escribas                          Todo Estuvo bien,Utilidad,Cuando completa exitosamente su tercera sesión,Push Activo,True,Consultores,Original (spreadsheet),Completa,False,0,0,,0,,,Sin envíos detectados en el período del reporte (puede ser normal si es trigger puntual)
día 50 post salvado,push_da_50_post_salvado,"Hola, {{hubspot_firstname}}. Como parte del seguimiento a la continuidad de tu plan, queremos saber cómo ha avanzado tu proceso y confirmar que puedas seguir utilizando tus sesiones correctamente. Selecciona una opción:",todo continua bien              quiero recibir ayuda,Utilidad,Seguimiento a la continuidad del plan del cliente para verificar su evolución y sesiones.,Push Activo,True,Consultores,Inferido por patrón de nombre (revisar),Completa,False,0,0,,0,,,Sin envíos detectados en el período del reporte (puede ser normal si es trigger puntual)
Dia 25 post salvado,push_da_25_post_salvado,"Hola, {{hubspot_firstname}}. Queremos saber cómo te ha ido desde que retomaste tu proceso y confirmar que hayas podido continuar con tus sesiones con normalidad. Selecciona una opción:","Todo está bien, gracias                    Necesito asistencia",Utilidad,Verificar la adaptación del cliente tras retomar su proceso y el uso normal de sus sesiones.,Push Activo,True,Consultores,Inferido por patrón de nombre (revisar),Completa,False,0,0,,0,,,Sin envíos detectados en el período del reporte (puede ser normal si es trigger puntual)
Tu plan ha sido reactivado,tu_plan_ha_sido_reactivado_v2,"Hola, {{hubspot_firstname}}. Te notificamos que el pago de tu plan en Opción Yo ha sido procesado de manera exitosa y tu servicio se encuentra activo nuevamente. Por favor, confirma el estado actual de tu cuenta seleccionando una de las siguientes opciones:","Todo está bien, gracias                    Necesito asistencia",Utilidad,Notificar que el pago del plan fue procesado con éxito y el servicio está activo.,Push Activo,True,ATC,Inferido por patrón de nombre (revisar),Completa,False,0,0,,0,,,Sin envíos detectados en el período del reporte (puede ser normal si es trigger puntual)
Adelantar consultoria,adelantar_consultoria,"Hola {{hubspot_firstname}}, te contactamos desde Opción Yo porque notamos que el tiempo de espera de tu tour de bienvenida es muy alto y queremos ofrecerte para agilizar tu inicio y adelantar esta sesión.",Sin botones,Utilidad,Agilizar el inicio del cliente reduciendo el tiempo de espera del tour de bienvenida.,Manual activo,True,Consultores,Original (spreadsheet),Completa,False,0,0,,0,,,Sin envíos detectados en el período del reporte (puede ser normal si es trigger puntual)
Caída de internet especialista cancela,caida_especialista_cancela,"Hola {{hubspot_firstname}}, lamento informarte que tu especialista {{hubspot_especialista_actual}} tiene un problema de último minuto con su conexión y no podrá realizar la sesión de hoy. Te pedimos mil disculpas por este inconveniente. Por favor, para ayudarte con el reagendamiento lo antes posible, responde con un SI. ➡️📆 Muchas gracias por tu comprensión.",Sin botones,Utilidad,Cuando el Especialista tiene una inconveniente de conexion,Manual activo,True,ATC,Original (spreadsheet),Completa,False,0,0,,0,,,Sin envíos detectados en el período del reporte (puede ser normal si es trigger puntual)
Cancelar plan,push_cancelar_plan_hsm_1,"Hola {{hubspot_firstname}}, Lamentamos mucho que quieras abandonar tu proceso de bienestar.  El proceso de cancelación solo se realiza a través de nuestra plataforma, pero antes nos encantaría entender en qué podemos seguir mejorando. ¿Podrías compartir conmigo el motivo que te lleva a tomar esta decisión?",Sin botones,Marketing,Comprender el motivo de cancelación del cliente antes de que procese su baja.,Manual activo,True,Cancelaciones,Original (spreadsheet),Completa,False,0,0,,0,,,Sin envíos detectados en el período del reporte (puede ser normal si es trigger puntual)
Carlos insistencias,saludo_carlos_inasistencias,"Hola, ¿Cómo estás? Te saluda Carlos Jimenez de Opción Yo, tu plan de bienestar 🌱 Notamos que tienes algunas sesiones agendadas a las que no has podido asistir. Quisiera saber si todo está bien o si ocurrió algo que te haya impedido conectarte. Si necesitas apoyo o hacer algún ajuste para continuar con tu proceso de bienestar, con gusto estamos aquí para ayudarte.",Sin botones,Utilidad,Contactar al cliente por inasistencias a sesiones agendadas para ofrecer apoyo.,Manual activo,True,Mantenimiento,Original (spreadsheet),Completa,False,0,0,,0,,,Sin envíos detectados en el período del reporte (puede ser normal si es trigger puntual)
Cliente cancela menos de 24hs antes,cl_cancela_con_mas_de_24hs_de_anticipacion_v1,"Hola, {{hubspot_firstname}}. 🌱 Recibimos tu solicitud de cancelar la sesión y tu especialista ya fue notificado. 🗓️ Para revisar si es posible reagendar este espacio, responde a este mensaje y te ayudaremos con la gestión. 👋🏼",Sin botones,Utilidad,Confirmar la recepción de cancelación de sesión y notificar al especialista.,Manual activo,True,ATC,Original (spreadsheet),Completa,False,0,0,,0,,,Sin envíos detectados en el período del reporte (puede ser normal si es trigger puntual)
Cliente con 2 Cancelaciones tardias GI,cliente_con_2_cancelacin_tardias_gi,"¡Hola! 👋 Espero que te encuentres muy bien. Soy Giselle Villegas, ejecutiva de cuenta de Opción Yo, tu plan de bienestar. ✨ Te contacto porque hemos registrado dos cancelaciones tardías en tus sesiones durante los últimos días. Queremos saber si todo está bien y si hay alguna situación que esté dificultando tu asistencia o continuidad en el proceso. 💬 Mi intención es acompañarte y encontrar alternativas que te permitan aprovechar tu plan al máximo. 😊 Agradeceré mucho tu respuesta. ¡Quedo atenta a tus comentarios! 🙋‍♀️",Sin botones,Utilidad,Abordar al cliente que registra múltiples cancelaciones tardías recientes para brindarle alternativas.,Manual activo,True,Mantenimiento,Original (spreadsheet),Completa,False,0,0,,0,,,Sin envíos detectados en el período del reporte (puede ser normal si es trigger puntual)
Cliente con Cancelacion Tardia GI,cliente_con_cancelacion_tardia_gi,"¡Hola! 👋 Espero que te encuentres muy bien. Soy Giselle Villegas, ejecutiva de cuenta de Opción Yo, tu plan de bienestar. ✨ Te escribo porque hemos notado algunas cancelaciones tardías o inasistencias a tus sesiones recientes. Nos gustaría saber si todo está bien y si hay alguna situación que esté dificultando tu asistencia. 💬 Estoy aquí para acompañarte y buscar juntos una solución que se adapte mejor a tus necesidades. 😊 Quedo muy atenta a tus comentarios. ¡Saludos! 🙋‍♀️",Sin botones,Utilidad,Contactar al cliente tras notar cancelaciones tardías o inasistencias para ofrecer soluciones.,Manual activo,True,Mantenimiento,Original (spreadsheet),Completa,False,0,0,,0,,,Sin envíos detectados en el período del reporte (puede ser normal si es trigger puntual)
Consultor esperando,aviso_en_linea,"Hola {{hubspot_firstname}}, de acuerdo a tu solicitud, tu consultor está en línea aguardándote para tu Tour de Bienvenida.",Sin botones,Utilidad,Avisar al cliente que su consultor está en línea esperándolo para el Tour de Bienvenida.,Manual activo,True,Consultores,Original (spreadsheet),Completa,False,0,0,,0,,,Sin envíos detectados en el período del reporte (puede ser normal si es trigger puntual)
Cómo cancelar y reagendar,como_reagendar_con_mas_de_24hs_de_anticipacion_v1,"Hola, {{hubspot_firstname}} 👋🏼 Hemos recibido tu solicitud de re-agendar tu sesión, ¿lograste realizar el cambio desde tu plataforma, o requieres de asistencia? Estamos pendientes para ayudarte. 🌱",Sin botones,Utilidad,Ofrecer asistencia al cliente tras su solicitud de reagendar sesión.,Manual activo,True,ATC,Original (spreadsheet),Completa,False,0,0,,0,,,Sin envíos detectados en el período del reporte (puede ser normal si es trigger puntual)
ENGLISH: Saludo soporte,english_saludo_soporte,"Hello {{hubspot_firstname}}, we are getting in touch because we need to talk to you. Do you have a few minutes?",Yes                                           Later,Marketing,Contacto de soporte en inglés para iniciar la conversación.,Manual activo,True,ATC,Original (spreadsheet),Completa,False,0,0,,0,,,Sin envíos detectados en el período del reporte (puede ser normal si es trigger puntual)
Emergencia Especialista Cancela,emergencia_especialista_cancelacion,"Hola {{hubspot_firstname}}, lamento informarte que tu especialista {{hubspot_especialista_actual}} ha tenido una emergencia y no podrá asistir a la sesión del {{hubspot_fecha_sesion}}. 🗓️ Por favor responde con un SI para ayudarte con el reagendamiento lo antes posible.  Gracias por tu comprensión.",Sin botones,Utilidad,Informar sobre la cancelación imprevista del especialista por emergencia e iniciar el reagendamiento.,Manual activo,True,ATC,Original (spreadsheet),Completa,True,11,11,72.7,1,2026-03-27 19:20:56,2026-03-27 19:20:56,OK
Enfermedad especialista cancela,enfermedad_especialista_cancela,"Hola {{hubspot_firstname}}, lamento informarte que tu especialista {{hubspot_especialista_actual}} presenta un tema de salud que le impedirá presentarse en la sesión del {{hubspot_fecha_sesion}}. Por favor, para ayudarte con el reagendamiento lo antes posible, responde con un SI. ➡️📆 Muchas Gracias por tu comprensión.",Sin botones,Utilidad,Notificar la cancelación de sesión por temas de salud del especialista.,Manual activo,True,ATC,Original (spreadsheet),Completa,False,0,0,,0,,,Sin envíos detectados en el período del reporte (puede ser normal si es trigger puntual)
Especialista cancela motivo Personal,especialista_cancela_motivo_personal,"Hola {{hubspot_firstname}}, tu especialista {{hubspot_especialista_actual}} tiene un compromiso personal impostergable y no podrá asistir a la sesión del {{hubspot_fecha_sesion}}. Por favor responde con un SI para ayudarte con el reagendamiento lo antes posible. Gracias por tu comprensión.",Sin botones,Utilidad,Avisar la cancelación de sesión por compromiso personal del especialista.,Manual activo,True,ATC,Original (spreadsheet),Completa,False,0,0,,0,,,Sin envíos detectados en el período del reporte (puede ser normal si es trigger puntual)
Especialista esperando,esp_espera,"Hola {{hubspot_firstname}}, tu especialista te espera por la plataforma. ¿Tienes alguna dificultad que te impide ingresar?",Necesito ayuda,Utilidad,Verificar si el cliente tiene dificultades para ingresar a la sesión en la plataforma.,Manual activo,True,ATC,Original (spreadsheet),Completa,True,113,111,26.1,2,2026-01-26 13:06:08,2026-01-28 17:17:08,OK
Inasistencias Lau O,lau_o_inasistencias_v1,"Hola, ¿Cómo estás? Te saluda Laura Ospina de Opción Yo, tu plan de bienestar 🌱 Notamos que tienes algunas sesiones agendadas a las que no has podido asistir. Quisiera saber si todo está bien o si ocurrió algo que te haya impedido conectarte. Si necesitas apoyo o hacer algún ajuste para continuar con tu proceso de bienestar, con gusto estamos aquí para ayudarte.",Sin botones,Utilidad,Contactar al cliente por inasistencias recurrentes de parte de la gestora Laura Ospina.,Manual activo,True,Mantenimiento,Original (spreadsheet),Completa,False,0,0,,0,,,Sin envíos detectados en el período del reporte (puede ser normal si es trigger puntual)
Llamada consultores,llamada_consultor_pendiente,"Hola {{hubspot_firstname}}, espero estés bien. Soy tu consultor y te estaré llamando en unos minutos desde +13057679862 para brindarte información importante antes de tu primera sesión. Si puedes, por favor atiende la llamada.",Sin botones,Utilidad,Para informar al cliente que se está intentando dar con él,Manual activo,True,Consultores,Original (spreadsheet),Completa,False,0,0,,0,,,Sin envíos detectados en el período del reporte (puede ser normal si es trigger puntual)
Llamada desde HUBSPOT,push_llamada_hubspot,"Hola {{hubspot_firstname}}, espero te encuentres bien. Soy tu consultor en Opción Yo y estaré contactándote por llamada en los próximos minutos desde este mismo número +1 305-767-9862 para poder apoyarte en tu proceso de bienestar. Espero me puedas contestar.",Solicitar asistencia,Marketing,Informar al cliente que recibirá una llamada próxima desde el número de HubSpot.,Manual activo,True,Consultores,Original (spreadsheet),Completa,False,0,0,,0,,,Sin envíos detectados en el período del reporte (puede ser normal si es trigger puntual)
Mante - Saludo Carlos,mante_saludo_general,"Hola {{hubspot_firstname}}, sabemos que tienes una solicitud o consulta y queremos acompañarte en este proceso. Para poder continuar con la atención, por favor respóndenos este mensaje. Será un gusto ayudarte y brindarte el apoyo que necesites.",Sin botones,Utilidad,Saludo de mantenimiento para dar continuidad a una consulta o solicitud abierta.,Manual activo,True,Mantenimiento,Original (spreadsheet),Completa,False,0,0,,0,,,Sin envíos detectados en el período del reporte (puede ser normal si es trigger puntual)
Mante - Saludo Carolina,mante_saludo_general,"Hola {{hubspot_firstname}}, sabemos que tienes una solicitud o consulta y queremos acompañarte en este proceso. Para poder continuar con la atención, por favor respóndenos este mensaje. Será un gusto ayudarte y brindarte el apoyo que necesites.",Sin botones,Utilidad,Saludo de mantenimiento para dar continuidad a solicitudes de usuario.,Manual activo,True,Mantenimiento,Original (spreadsheet),Completa,False,0,0,,0,,,Sin envíos detectados en el período del reporte (puede ser normal si es trigger puntual)
Mante - Saludo Giselle,mante_saludo_general,"Hola {{hubspot_firstname}}, sabemos que tienes una solicitud o consulta y queremos acompañarte en este proceso. Para poder continuar con la atención, por favor respóndenos este mensaje. Será un gusto ayudarte y brindarte el apoyo que necesites.",Sin botones,Utilidad,Atender consultas o solicitudes pendientes de los usuarios asignados.,Manual activo,True,Mantenimiento,Original (spreadsheet),Completa,False,0,0,,0,,,Sin envíos detectados en el período del reporte (puede ser normal si es trigger puntual)
Medición de progreso,medicion_de_progreso,"Hola {{hubspot_firstname}}, Ya llegó el momento de actualizar los resultados de los test de Ansiedad y Bienestar para medir tu progreso. Es importante para darte la oportunidad de reflexionar con tu especialista sobre qué necesitas para seguir avanzando. Ingresa a tu agenda de bienestar y actualiza tus tests.",Sin botones,Utilidad,un push de mariana que no usamos más - ahora este push está por la app,Inactivo,False,ATC,Original (spreadsheet),Completa,False,0,0,,0,,,OK
NPS Carlos,nps_carlos_saludo,Hola! Te saluda Carlos del área de Control de Calidad de Opción Yo. Notamos que tu experiencia con nosotros no llenó tus expectativas. Me gustaría pedirte 5 minutos de tu tiempo para entender qué pasó y darte una solución y al mismo tiempo recibir sugerencias para mejorar nuestro servicio.,Sin botones,Utilidad,Contactar al cliente cuya experiencia no cumplió expectativas para entender el caso y ofrecer soluciones.,Manual activo,True,Mantenimiento,Original (spreadsheet),Completa,False,0,0,,0,,,Sin envíos detectados en el período del reporte (puede ser normal si es trigger puntual)
NPS Control de calidad,nps_retencion,"Hola! Te saluda Celeste del área de Control de Calidad de Opción Yo, porque notamos que tu experiencia con nosotros no llenó tus expectativas. Me gustaría pedirte 5 minutos de tu tiempo para entender qué pasó y darte una solución.",Sí                                        Más tarde,Utilidad,Recopilar feedback de clientes insatisfechos para retención y mejora del servicio.,Manual activo,True,Mantenimiento,Original (spreadsheet),Completa,False,0,0,,0,,,Sin envíos detectados en el período del reporte (puede ser normal si es trigger puntual)
NPS Lau O,consulta_control_de_calidad,"👋 *Hola,* *te* *saluda* *Laura* *Ospina* *del* *área* *de* *Control* *de* *Calidad* *de* *Opción* *Yo.* Notamos que tu experiencia con nosotros no llenó tus expectativas. Me gustaría pedirte 5 minutos de tu tiempo para entender qué sucedió, ofrecerte una solución y recibir tus sugerencias para mejorar nuestro servicio. ¿Tendrías un momento para conversar?",Sin botones,Utilidad,Contactar al cliente desde Calidad para entender su baja satisfacción y ofrecer mejoras.,Manual activo,True,Mantenimiento,Original (spreadsheet),Completa,False,0,0,,0,,,Sin envíos detectados en el período del reporte (puede ser normal si es trigger puntual)
Notificación Mensaje nuevo,notif_mensaje_nuevo,Te contactamos para notificarte que tu especialista te envió un mensaje en la plataforma que requiere de tu atención👀   Accede a tu perfil aquí 👇🏻   https://opcionyo.com/paciente,Listo                       Necesito ayuda                   Más tarde,Utilidad,Avisar al cliente que tiene un mensaje pendiente de leer por parte de su especialista en plataforma.,Manual activo,True,ATC,Original (spreadsheet),Completa,False,0,0,,0,,,Sin envíos detectados en el período del reporte (puede ser normal si es trigger puntual)
Past due - Andrea,push_dia_26_past_due,"Hola {{hubspot_firstname}} No hemos podido procesar tu pago en Opción Yo y nos apena que vayas perder tus beneficios. Por eso, insistimos en ayudarte a cambiar tus datos de pago antes de cerrar el mes. Si quieres asistencia estamos aquí para ti.",Solicitar asistencia,Marketing,Insistir al cliente con pagos fallidos para actualizar sus datos antes de perder sus beneficios.,Manual activo,True,ATC,Original (spreadsheet),Completa,False,0,0,,0,,,Sin envíos detectados en el período del reporte (puede ser normal si es trigger puntual)
Problemas técnicos: especialista cancela,cancelacion_por_problemas_tecnicos_especialistas,Hola {{hubspot_firstname}} Tu especialista nos avisó que se encuentra con problemas técnicos y no puede ingresar a la sesión. Nos solicitó que te apoyemos a reagendar y recuperar la sesión. Mil disculpas y muchas gracias por tu comprensión,Reagendar,Marketing,Notificar cancelación imprevista por problemas técnicos del especialista y apoyar en la recuperación de la sesión.,Manual activo,True,ATC,Original (spreadsheet),Completa,False,0,0,,0,,,Sin envíos detectados en el período del reporte (puede ser normal si es trigger puntual)
Quejas Control de Calidad,queja_retencion,"Hola! Te saluda Celeste, encargada de Control de Calidad de Opción Yo. Quería confirmarte que recibí tu caso y estoy verificando en el sistema para darte una solución. Tendrías unos minutos para conversar brevemente, así entiendo mejor cómo ayudarte?",Sí                                        Más tarde,Utilidad,Hacer seguimiento a un caso reportado de insatisfacción para brindar solución.,Manual activo,True,Mantenimiento,Original (spreadsheet),Completa,False,0,0,,0,,,Sin envíos detectados en el período del reporte (puede ser normal si es trigger puntual)
SDD sin agendar,recomenzar_sdd_sin_emojis_utilidad,"Hola {{hubspot_firstname}}, detectamos que tu intento de agendar la Sesión de Descubrimiento quedó incompleto. Si necesitas ayuda para finalizar el proceso estamos aquí para apoyarte. ✅",Sin botones,Utilidad,Ayudar al usuario que dejó incompleto el agendamiento de su Sesión de Descubrimiento.,Manual activo,True,ATC,Original (spreadsheet),Completa,False,0,0,,0,,,Sin envíos detectados en el período del reporte (puede ser normal si es trigger puntual)
Saludo - Gestor de Consultoria,responder_comunicacion,"Hola {{hubspot_firstname}}, nos comunicamos contigo en respuesta a tu solicitud. ¿Tienes un momento para revisarlo ahora?",Sin botones,Utilidad,Dar respuesta a una solicitud enviada previamente por el usuario.,Manual activo,True,Consultores,Original (spreadsheet),Completa,False,0,0,,0,,,Sin envíos detectados en el período del reporte (puede ser normal si es trigger puntual)
Saludo Cancelación Alonso,fid_contacto_ver_3,"Hola 😊 Gracias por escribirnos. Mi intención es apoyarte con la solicitud que realizaste para que el proceso sea claro y sencillo. Antes de avanzar, me gustaría saber qué situación te llevó a considerar la cancelación. Tu experiencia es importante para nosotros y queremos asegurarnos de que recibas el acompañamiento adecuado. ¿Podrías contarme un poco más?",Sin botones,Utilidad,Indagar los motivos de cancelación del cliente de manera empática antes de procesar su baja.,Manual activo,True,Cancelaciones,Original (spreadsheet),Completa,False,0,0,,0,,,Sin envíos detectados en el período del reporte (puede ser normal si es trigger puntual)
Saludo Cancelación Carlos,fid_contacto_ver_3,"Hola 😊 Gracias por escribirnos. Mi intención es apoyarte con la solicitud que realizaste para que el proceso sea claro y sencillo. Antes de avanzar, me gustaría saber qué situación te llevó a considerar la cancelación. Tu experiencia es importante para nosotros y queremos asegurarnos de que recibas el acompañamiento adecuado. ¿Podrías contarme un poco más?",Sin botones,Utilidad,Explorar las razones del cliente que desea cancelar su plan para ofrecer retención o soluciones.,Manual activo,True,Cancelaciones,Original (spreadsheet),Completa,False,0,0,,0,,,Sin envíos detectados en el período del reporte (puede ser normal si es trigger puntual)
Saludo Cancelación Lau O,fid_contacto_ver_3,"Hola 😊 Gracias por escribirnos. Mi intención es apoyarte con la solicitud que realizaste para que el proceso sea claro y sencillo. Antes de avanzar, me gustaría saber qué situación te llevó a considerar la cancelación. Tu experiencia es importante para nosotros y queremos asegurarnos de que recibas el acompañamiento adecuado. ¿Podrías contarme un poco más?",Sin botones,Utilidad,Atender solicitudes de cancelación para entender el trasfondo y retener al usuario.,Manual activo,True,Mantenimiento,Original (spreadsheet),Completa,False,0,0,,0,,,Sin envíos detectados en el período del reporte (puede ser normal si es trigger puntual)
Saludo Cancelación Laura P,fid_contacto_ver_3,"Hola 😊 Gracias por escribirnos. Mi intención es apoyarte con la solicitud que realizaste para que el proceso sea claro y sencillo. Antes de avanzar, me gustaría saber qué situación te llevó a considerar la cancelación. Tu experiencia es importante para nosotros y queremos asegurarnos de que recibas el acompañamiento adecuado. ¿Podrías contarme un poco más?",Sin botones,Utilidad,Gestionar la solicitud de baja indagando los motivos de la cancelación.,Manual activo,True,Cancelaciones,Original (spreadsheet),Completa,False,0,0,,0,,,Sin envíos detectados en el período del reporte (puede ser normal si es trigger puntual)
Saludo Carol INASISTENCIAS,saludo_carolina_inasistencias,"Hola, ¿Cómo estás? Te saluda *Carolina* *Neira,* de Opción Yo, tu plan de bienestar 🌱 Notamos que tienes algunas sesiones agendadas a las que no has podido asistir. Quisiera saber si todo está bien o si ocurrió algo que te haya impedido conectarte. Si necesitas apoyo o hacer algún ajuste para continuar con tu proceso de bienestar, con gusto estamos aquí para ayudarte.",Sin botones,Utilidad,Contactar al usuario por inasistencias acumuladas a cargo de Carolina Neira.,Manual activo,True,Mantenimiento,Original (spreadsheet),Completa,False,0,0,,0,,,Sin envíos detectados en el período del reporte (puede ser normal si es trigger puntual)
Saludo Carol NPS,saludo_carol_nps,Hola! Te saluda Carolina del área de Control de Calidad de Opción Yo💚. Notamos que tu experiencia con nosotros no llenó tus expectativas. Me gustaría pedirte 5 minutos de tu tiempo para entender qué pasó y darte una solución y al mismo tiempo recibir sugerencias para mejorar nuestro servicio.,Sin botones,Utilidad,Recopilar feedback de clientes con baja satisfacción desde el área de calidad.,Manual activo,True,Mantenimiento,Original (spreadsheet),Completa,False,0,0,,0,,,Sin envíos detectados en el período del reporte (puede ser normal si es trigger puntual)
Saludo Claudia,saludo_diana_rete,"Hola 😊 Gracias por escribirnos. Mi intención es apoyarte con la solicitud que realizaste para que el proceso sea claro y sencillo. Antes de avanzar, me gustaría saber qué situación te llevó a considerar la cancelación. Tu experiencia es importante para nosotros y queremos asegurarnos de que recibas el acompañamiento adecuado. ¿Podrías contarme un poco más?",Sin botones,Utilidad,Atender gestiones de cancelación de planes para escuchar al cliente.,Manual activo,True,Cancelaciones,Original (spreadsheet),Completa,False,0,0,,0,,,Sin envíos detectados en el período del reporte (puede ser normal si es trigger puntual)
Saludo Client Success,saludo_soporte,"Hola {{hubspot_firstname}}, nos ponemos en contacto porque necesitamos conversar contigo. ¿Tienes un momento?",Sí                              Más tarde,Marketing,Iniciar contacto general de soporte o éxito del cliente.,Manual activo,True,Mantenimiento,Original (spreadsheet),Completa,False,0,0,,0,,,Sin envíos detectados en el período del reporte (puede ser normal si es trigger puntual)
Saludo Dep de Calidad,saludo_retencion,"Hola {{hubspot_firstname}}, te saludamos desde el Departamento de Calidad de Opción Yo, para revisar tu solicitud. ¿Tienes un momento para conversar?",Sí                              Más tarde,Marketing,Contactar al cliente para dar seguimiento a una queja o revisión de calidad.,Manual activo,True,Mantenimiento,Original (spreadsheet),Completa,False,0,0,,0,,,Sin envíos detectados en el período del reporte (puede ser normal si es trigger puntual)
Saludo Diana Rete,saludo_diana_rete,"Hola 😊 Gracias por escribirnos. Mi intención es apoyarte con la solicitud que realizaste para que el proceso sea claro y sencillo. Antes de avanzar, me gustaría saber qué situación te llevó a considerar la cancelación. Tu experiencia es importante para nosotros y queremos asegurarnos de que recibas el acompañamiento adecuado. ¿Podrías contarme un poco más?",Sin botones,Utilidad,Abordar solicitudes de cancelación para ofrecer alternativas de retención.,Manual activo,True,Cancelaciones,Original (spreadsheet),Completa,False,0,0,,0,,,Sin envíos detectados en el período del reporte (puede ser normal si es trigger puntual)
Saludo Especialista deja OY,cambio_de_especialista_consultores_v2,"Hola, {{hubspot_firstname}} 👋🏼 Soy {{hubspot_admin_consultor}} de Opción Yo. Para dar continuidad a tu proceso, necesitamos coordinar una breve llamada contigo sobre una actualización relacionada con tu especialista. ¿Qué horario te resulta conveniente para comunicarme contigo?",Sin botones,Marketing,Coordinar una llamada con el usuario debido a un cambio de especialista en su proceso.,Manual activo,True,Consultores,Original (spreadsheet),Completa,False,0,0,,0,,,Sin envíos detectados en el período del reporte (puede ser normal si es trigger puntual)
Saludo Gestoras Consultoria,saludo_consultoria_v4,"Hola, {{hubspot_firstname}}. 🌱 Tenemos una consulta pendiente relacionada con tu cuenta en Opción Yo. Por favor respóndenos por este medio para poder continuar con la gestión solicitada. 👋🏼",Sin botones,Utilidad,Notificar al usuario sobre una consulta pendiente en su cuenta y pedir respuesta.,Manual activo,True,Consultores,Original (spreadsheet),Completa,False,0,0,,0,,,Sin envíos detectados en el período del reporte (puede ser normal si es trigger puntual)
Saludo Giselle INASISTENCIAS,saludo_giselle_inasistencias,"Hola, ¿Cómo estás? Te saluda *Giselle* *Villegas* de Opción Yo, tu plan de bienestar 🌱 Notamos que tienes algunas sesiones agendadas a las que no has podido asistir. Quisiera saber si todo está bien o si ocurrió algo que te haya impedido conectarte. Si necesitas apoyo o hacer algún ajuste para continuar con tu proceso de bienestar, con gusto estamos aquí para ayudarte.",Sin botones,Utilidad,Contactar al cliente por inasistencias con la firma de Giselle Villegas.,Manual activo,True,Mantenimiento,Original (spreadsheet),Completa,False,0,0,,0,,,Sin envíos detectados en el período del reporte (puede ser normal si es trigger puntual)
Saludo Giselle NPS,saludo_giselle_nps,Hola! Te saluda Giselle del área de Control de Calidad de Opción Yo💚. Notamos que tu experiencia con nosotros no llenó tus expectativas. Me gustaría pedirte 5 minutos de tu tiempo para entender qué pasó y darte una solución y al mismo tiempo recibir sugerencias para mejorar nuestro servicio.,Sin botones,Utilidad,Obtener retroalimentación de clientes insatisfechos a través de Giselle.,Manual activo,True,Mantenimiento,Original (spreadsheet),Completa,False,0,0,,0,,,Sin envíos detectados en el período del reporte (puede ser normal si es trigger puntual)
Saludo Lau O,mante_saludo_general,"Hola {{hubspot_firstname}}, sabemos que tienes una solicitud o consulta y queremos acompañarte en este proceso. Para poder continuar con la atención, por favor respóndenos este mensaje. Será un gusto ayudarte y brindarte el apoyo que necesites.",Sin botones,Utilidad,Atender consultas o solicitudes generales de los usuarios.,Manual activo,True,Mantenimiento,Original (spreadsheet),Completa,False,0,0,,0,,,Sin envíos detectados en el período del reporte (puede ser normal si es trigger puntual)
Seguimiento Alonso,utilidad_solicitud_generica_fid,"Hola {{hubspot_firstname}}, Este mensaje corresponde a una solicitud que realizaste previamente en Opción Yo.  Para continuar con su gestión, selecciona una opción.",Continuar solicitud          Cancelar solicitud         Información,Utilidad,Permitir al usuario gestionar una solicitud previa de cancelación (continuar o cancelar).,Manual activo,True,Cancelaciones,Original (spreadsheet),Completa,False,0,0,,0,,,Sin envíos detectados en el período del reporte (puede ser normal si es trigger puntual)
Seguimiento Carlos,utilidad_solicitud_generica_fid,"Hola {{hubspot_firstname}}, Este mensaje corresponde a una solicitud que realizaste previamente en Opción Yo.  Para continuar con su gestión, selecciona una opción.",Continuar solicitud          Cancelar solicitud         Información,Utilidad,Dar seguimiento a trámites previos del usuario brindando opciones de control.,Manual activo,True,Mantenimiento,Original (spreadsheet),Completa,False,0,0,,0,,,Sin envíos detectados en el período del reporte (puede ser normal si es trigger puntual)
Seguimiento LauO,utilidad_solicitud_generica_fid,"Hola {{hubspot_firstname}}, Este mensaje corresponde a una solicitud que realizaste previamente en Opción Yo.  Para continuar con su gestión, selecciona una opción.",Continuar solicitud          Cancelar solicitud         Información,Utilidad,Dar opciones para continuar o cancelar un trámite pendiente del usuario.,Manual activo,True,Mantenimiento,Original (spreadsheet),Completa,False,0,0,,0,,,Sin envíos detectados en el período del reporte (puede ser normal si es trigger puntual)
Seguimiento LauraP,utilidad_solicitud_generica_fid,"Hola {{hubspot_firstname}}, Este mensaje corresponde a una solicitud que realizaste previamente en Opción Yo.  Para continuar con su gestión, selecciona una opción.",Continuar solicitud          Cancelar solicitud         Información,Utilidad,Consultar el estatus de una solicitud previa de cancelación o gestión del cliente.,Manual activo,True,Cancelaciones,Original (spreadsheet),Completa,False,0,0,,0,,,Sin envíos detectados en el período del reporte (puede ser normal si es trigger puntual)
Sesion gratis: Urgencia Especialista cancela,reagendar_error_especialista_regalo_sesion,"Hola {{hubspot_firstname}},   Tu especialista tuvo un contratiempo de último momento y no podrá tener la sesión acordada. Te pedimos las disculpas del caso a nombre de Opción Yo por este inconveniente y por avisar con tan poca anticipación, te queremos regalar una sesión extra. Te agradecemos muchisimo la comprensión.",Sin documentar,Utilidad,Ofrecer una sesión extra gratuita como compensación por la cancelación imprevista del especialista.,Manual activo,True,ATC,Original (spreadsheet),Completa,False,0,0,,0,,,Sin envíos detectados en el período del reporte (puede ser normal si es trigger puntual)
Solicitar Meet Especialista,esp_solicitar_ayuda_pt,"Hola {{hubspot_firstname}}, tu cliente no puede ingresar a su sesión programada. ¿Podrías enviarnos el link de Google Meet para ayudarle a conectarse? Muchas gracias.",Sin botones,Utilidad,Pedir al especialista el enlace de Google Meet para un cliente que no puede ingresar.,Manual activo,True,ATC,Original (spreadsheet),Completa,False,0,0,,0,,,Sin envíos detectados en el período del reporte (puede ser normal si es trigger puntual)
Solicitud de Freepass por especialista,pedido_freepass_por_esp,"Hola {{hubspot_firstname}}, tu especialista nos indicó que solicitas recuperar la última sesión a la que no pudiste asistir. ¿Puedes reagendar en este momento? Quedamos pendientes.",Sin botones,Utilidad,Consultar al cliente si desea reagendar tras la solicitud de recuperación de sesión hecha por el especialista.,Manual activo,True,ATC,Original (spreadsheet),Completa,False,0,0,,0,,,Sin envíos detectados en el período del reporte (puede ser normal si es trigger puntual)
Soporte - Saludo,responder_comunicacion,"Hola {{hubspot_firstname}}, nos comunicamos contigo en respuesta a tu solicitud. ¿Tienes un momento para revisarlo ahora?",Sin botones,Utilidad,Dar respuesta inicial a requerimientos de soporte de los usuarios.,Manual activo,True,ATC,Original (spreadsheet),Completa,True,27,23,39.1,1,2026-06-12 16:46:50,2026-06-12 16:46:50,OK
Urgencia: Especialista cancela,cancelacion_por_urgencias_especialistas,Hola {{hubspot_firstname}} Tu especialista nos avisó que tuvo una emergencia por lo tanto tiene que cancelar la sesión del día de hoy. Nos solicitó que te apoyemos a reagendar y recuperar la sesión. Mil disculpas y muchas gracias por tu comprensión,Reagendar,Marketing,Informar la cancelación de sesión por emergencia del especialista y gestionar el apoyo para reagendar.,Manual activo,True,ATC,Original (spreadsheet),Completa,False,0,0,,0,,,Sin envíos detectados en el período del reporte (puede ser normal si es trigger puntual)
Próximo paso de tu proceso,proximo_paso_de_tu_proceso_1,"Hola, {{hubspot_firstname}}. En las próximas 24 horas te llamaremos desde el *+1* *(305)* *767-9862* para ayudarte a elegir a tu especialista y brindarte la información necesaria antes de iniciar tus sesiones. *Guarda* *este* *número* *en* *tus* *contactos* *para* *que* *podamos* *comunicarnos* *contigo.*",Sin botones,Utilidad,Avisar la llamada próxima para elegir especialista y dar instrucciones de guardado de número.,Manual activo,True,Consultores,Inferido por patrón de nombre (revisar),Completa,False,0,0,,0,,,Sin envíos detectados en el período del reporte (puede ser normal si es trigger puntual)
Información importante sobre tu proceso,proximo_paso_de_tu_proceso,"*Hola,* *{{hubspot_firstname}}.* Ya tienes tu primera sesión agendada. En las próximas 24 horas te llamaremos desde el *+1* *(305)* *767-9862* para brindarte información importante sobre el inicio de tu proceso y resolver cualquier duda antes de tus sesiones. *Guarda* *este* *número* *en* *tus* *contactos* *para* *que* *podamos* *comunicarnos* *contigo.*",Sin botones,Utilidad,Notificar al cliente sobre su primera sesión agendada y la llamada de inducción próxima.,Manual activo,True,Consultores,Inferido por patrón de nombre (revisar),Completa,False,0,0,,0,,,Sin envíos detectados en el período del reporte (puede ser normal si es trigger puntual)
Coordinemos una nueva llamada,coordinemos_una_nueva_llamada,"Hola, {{hubspot_firstname}}, No logramos comunicarnos contigo en el horario acordado para tu llamada de inicio. ¿En qué horario te resulta más conveniente que te llamemos? Respóndenos por este medio y coordinaremos una nueva llamada.",Sin botones,Utilidad,Reprogramar una llamada de inicio fallida consultando la disponibilidad del cliente.,Manual activo,True,Consultores,Inferido por patrón de nombre (revisar),Completa,False,0,0,,0,,,Sin envíos detectados en el período del reporte (puede ser normal si es trigger puntual)
Próximo paso de tu cambio de especialista,proximo_paso_de_tu_cambio_de_especialista,"Hola, *{{hubspot_firstname}}*. Soy *{{hubspot_admin_consultor}}*, tu consultor en Opción Yo. Quiero ayudarte con tu solicitud de cambio de especialista. *¿Qué* *horario* *te* *resulta* *más* *conveniente* *para* *que* *te* *llame?* Respóndeme por este medio y coordinaremos la llamada.",Sin botones,Utilidad,Coordinar el horario de llamada con el consultor asignado para procesar el cambio de especialista.,Manual activo,True,Consultores,Inferido por patrón de nombre (revisar),Completa,False,0,0,,0,,,Sin envíos detectados en el período del reporte (puede ser normal si es trigger puntual)
Seguimiento a tu proceso,seguimiento_a_tu_proceso,"Hola,{{hubspot_firstname}}. Soy {{hubspot_hsm_nombre_consultor}}, tu consultor en Opción Yo. Como parte de tu proceso, quiero hacer un breve seguimiento para conversar sobre tus primeras sesiones y acompañarte si hay alguna duda o situación en la que pueda ayudarte. ¿Qué horario te resulta más conveniente para que te llame? Respóndeme por este medio y coordinaremos la llamada.",Sin botones,Utilidad,Realizar seguimiento breve sobre las primeras sesiones y ofrecer soporte de parte del consultor.,Manual activo,True,Consultores,Inferido por patrón de nombre (revisar),Completa,False,0,0,,0,,,Sin envíos detectados en el período del reporte (puede ser normal si es trigger puntual)
Sesiones pendientes lau O,sesiones_pendientes_lau_o,"Hola, {{hubspot_firstname}}. Te saluda Laura Ospina, Ejecutiva de Cuenta de Opción Yo. Te contactamos para informarte que registras {{hubspot_numero_de_sesiones_hsm}} sesiones pendientes de agendar en tu cuenta. Por favor, indícanos si presentas alguna dificultad de agenda para programar tus citas o si requieres asistencia con la gestión de tu plan. Quedo atenta a tu respuesta para brindarte el soporte necesario.",Sin botones,Utilidad,Informar al cliente sobre sus sesiones pendientes de agendar para brindarle asistencia.,Manual activo,True,ATC,Inferido por patrón de nombre (revisar),Completa,False,0,0,,0,,,Sin envíos detectados en el período del reporte (puede ser normal si es trigger puntual)
Inbound - Especialistas,Sin HSM,Sin documentar,Sin documentar,Inbound,Atender consultas y solicitudes de clientes entrantes (Inbound).,Inbound,True,ATC,Original (spreadsheet),Parcial,False,0,0,,0,,,Sin envíos detectados en el período del reporte (puede ser normal si es trigger puntual)
Inbound cliente nuevo,Sin HSM,Sin documentar,Sin documentar,Inbound,Atender consultas y solicitudes de clientes entrantes (Inbound).,Inbound,True,ATC,Inferido por patrón de nombre (revisar),Parcial,False,0,0,,0,,,Sin envíos detectados en el período del reporte (puede ser normal si es trigger puntual)
Soporte - Inbound,Sin HSM,Sin documentar,Sin documentar,Inbound,Atender consultas y solicitudes de clientes entrantes (Inbound).,Inbound,True,ATC,Original (spreadsheet),Parcial,False,0,0,,0,,,Sin envíos detectados en el período del reporte (puede ser normal si es trigger puntual)
APP: Cómo habilitar notificaciones,eliminaría,Sin documentar,Sin documentar,Utilidad,push masivo para habilitar notificaciones por la app,Inactivo,False,ATC,Inferido por patrón de nombre (revisar),Parcial,False,0,0,,0,,,OK
AUT - Recordatorio 30 minutos antes,eliminaría,Sin documentar,Sin documentar,Utilidad,push de sesiones,Inactivo,False,ATC,Inferido por patrón de nombre (revisar),Parcial,False,0,0,,0,,,OK
Actividad: Push Mis Clientes,eliminaría,Sin documentar,Sin documentar,Utilidad,un push de mariana que no usamos más - ahora este push está por la app,Inactivo,False,ATC,Inferido por patrón de nombre (revisar),Parcial,False,0,0,,0,,,OK
Aviso Navidad y año nuevo,eliminaría,Sin documentar,Sin documentar,Utilidad,tal vez puede quedar para la desconesión de añó nuevo/navidad,Inactivo,False,ATC,Inferido por patrón de nombre (revisar),Parcial,False,0,0,,0,,,OK
Baseline test,eliminaría,Sin documentar,Sin documentar,Utilidad,un push de mariana que no usamos más - ahora este push está por la app,Inactivo,False,ATC,Inferido por patrón de nombre (revisar),Parcial,False,0,0,,0,,,OK
CON LINK: Recordatorio consultoria 30 min antes,eliminaría,Sin documentar,Sin documentar,Utilidad,Este era una propuesta de mandar el link a la plataforma pero diosnel nunca lo conectó,Inactivo,False,Consultores,Inferido por patrón de nombre (revisar),Parcial,False,0,0,,0,,,OK
CONLINK: Recordatorio consultoria 30 min antes,eliminaría,Sin documentar,Sin documentar,Utilidad,Este era una propuesta de mandar el link a la plataforma pero diosnel nunca lo conectó,Inactivo,False,Consultores,Inferido por patrón de nombre (revisar),Parcial,False,0,0,,0,,,OK
Cancelación Client Success,Sin documentar,Sin documentar,Sin documentar,Utilidad,NO ELIMINAR,Inactivo,False,Mantenimiento,Inferido por patrón de nombre (revisar),Parcial,False,0,0,,0,,,OK
Copia de la conversación Consultor esperando,eliminaria,Sin documentar,Sin documentar,Utilidad,copia,Inactivo,False,Consultores,Inferido por patrón de nombre (revisar),Parcial,False,0,0,,0,,,OK
Copia de la conversación Inbound-especialistas,eliminaria,Sin documentar,Sin documentar,Utilidad,copia,Inactivo,False,ATC,Inferido por patrón de nombre (revisar),Parcial,False,0,0,,0,,,OK
Encuesta User Persona,eliminaría?,Sin documentar,Sin documentar,Utilidad,Campaña de catalina - reciente,Inactivo,False,ATC,Inferido por patrón de nombre (revisar),Parcial,True,927,871,8.3,2,2026-06-23 20:47:39,2026-06-23 22:55:17,⚠️ Catálogo dice Inactivo pero SÍ tiene envíos reales — revisar y actualizar estado
Envío habilitar notificaciones,eliminaría,Sin documentar,Sin documentar,Utilidad,campaña para app,Inactivo,False,ATC,Inferido por patrón de nombre (revisar),Parcial,True,3656,3570,9.1,127,2026-01-02 19:00:07,2026-02-02 19:00:44,⚠️ Catálogo dice Inactivo pero SÍ tiene envíos reales — revisar y actualizar estado
Flujo cancelación de sesiones,Sin documentar,Sin documentar,Sin documentar,Marketing,No eliminar,Inactivo,False,ATC,Inferido por patrón de nombre (revisar),Parcial,False,0,0,,0,,,OK
Flujo referido,Sin documentar,Sin documentar,Sin documentar,Utilidad,No eliminar,Inactivo,False,ATC,Inferido por patrón de nombre (revisar),Parcial,False,0,0,,0,,,OK
Horario SDD,Sin documentar,Sin documentar,Sin documentar,Utilidad,No eliminar,Inactivo,False,ATC,Inferido por patrón de nombre (revisar),Parcial,False,0,0,,0,,,OK
Horario Soporte,Sin documentar,Sin documentar,Sin documentar,Utilidad,No eliminar,Inactivo,False,ATC,Inferido por patrón de nombre (revisar),Parcial,False,0,0,,0,,,OK
IA - Inbound Testing,Sin documentar,Sin documentar,Sin documentar,Utilidad,No eliminar,Inactivo,False,ATC,Inferido por patrón de nombre (revisar),Parcial,False,0,0,,0,,,OK
ICP 24 horas antes,eliminaria,Sin documentar,Sin documentar,Utilidad,Push de viejo onboarding,Inactivo,False,ATC,Inferido por patrón de nombre (revisar),Parcial,False,0,0,,0,,,OK
Navidad cupon clientes promo,eliminaria,Sin documentar,Sin documentar,Marketing,Una campaña de nnavidad,Inactivo,False,ATC,Inferido por patrón de nombre (revisar),Parcial,False,0,0,,0,,,OK
Notificación de App envío sept,eliminaria,Sin documentar,Sin documentar,Utilidad,una campaña de app,Inactivo,False,ATC,Inferido por patrón de nombre (revisar),Parcial,False,0,0,,0,,,OK
Notificación primera sesión,eliminaria,Sin documentar,Sin documentar,Utilidad,se habia generado para primera sesión pero no me permitió,Inactivo,False,ATC,Inferido por patrón de nombre (revisar),Parcial,False,0,0,,0,,,OK
Pago fallido SIN AR dia 5,eliminaria,Sin documentar,Sin documentar,Utilidad,ya no lo utilizamos,Inactivo,False,ATC,Inferido por patrón de nombre (revisar),Parcial,True,224,70,8.7,17,2026-01-04 17:31:06,2026-06-12 17:30:52,⚠️ Catálogo dice Inactivo pero SÍ tiene envíos reales — revisar y actualizar estado
Propuesta flujo cancelación por mensajería,eliminaria,Sin documentar,Sin documentar,Utilidad,propuesta que no se subió nunca,Inactivo,False,Sin equipo documentado,Sin documentar,Parcial,False,0,0,,0,,,OK
Push Marketing descargar APP,eliminaria,Sin documentar,Sin documentar,Marketing,una campaña de app,Inactivo,False,ATC,Inferido por patrón de nombre (revisar),Parcial,True,500,192,4.6,23,2026-01-28 15:00:07,2026-01-30 15:00:33,⚠️ Catálogo dice Inactivo pero SÍ tiene envíos reales — revisar y actualizar estado
Push Retorno incompleto,eliminaria,Sin documentar,Sin documentar,Utilidad,se habia creado para postergacion y past due pero no se creó,Inactivo,False,ATC,Inferido por patrón de nombre (revisar),Parcial,False,0,0,,0,,,OK
Push completar ICP,eliminaria,Sin documentar,Sin documentar,Utilidad,push de viejo onboarding,Inactivo,False,ATC,Inferido por patrón de nombre (revisar),Parcial,False,0,0,,0,,,OK
Push etapa 5,eliminaria,Sin documentar,Sin documentar,Utilidad,push de viejo onboarding,Inactivo,False,ATC,Inferido por patrón de nombre (revisar),Parcial,False,0,0,,0,,,OK
Push fin de postergación,Sin documentar,Sin documentar,Sin documentar,Utilidad,se habia creado para confirmar pago cuando cliente regrese de postergacion pero no se conectó,Inactivo,False,ATC,Inferido por patrón de nombre (revisar),Parcial,False,0,0,,0,,,OK
Push retest vencido 1,eliminaría,Sin documentar,Sin documentar,Utilidad,un push de mariana que no usamos más - ahora este push está por la app,Inactivo,False,ATC,Inferido por patrón de nombre (revisar),Parcial,False,0,0,,0,,,OK
Push retest vencido 2,eliminaría,Sin documentar,Sin documentar,Utilidad,un push de mariana que no usamos más - ahora este push está por la app,Inactivo,False,ATC,Inferido por patrón de nombre (revisar),Parcial,False,0,0,,0,,,OK
Push retest vencido 3,eliminaría,Sin documentar,Sin documentar,Utilidad,un push de mariana que no usamos más - ahora este push está por la app,Inactivo,False,ATC,Inferido por patrón de nombre (revisar),Parcial,False,0,0,,0,,,OK
Push video onboarding,eliminaría,Sin documentar,Sin documentar,Utilidad,"push de ver el video pero que se convirtió en marketing, lo apagamos y no volvimos a encender",Inactivo,False,Consultores,Inferido por patrón de nombre (revisar),Parcial,False,0,0,,0,,,OK
Recordatorio SDD,eliminaria,Sin documentar,Sin documentar,Utilidad,se habia creado para SDD especificamente pero no se conectó,Inactivo,False,ATC,Inferido por patrón de nombre (revisar),Parcial,False,0,0,,0,,,OK
Recordatorios 1 de marzo,eliminaria,Sin documentar,Sin documentar,Utilidad,Push de app,Inactivo,False,ATC,Inferido por patrón de nombre (revisar),Parcial,True,2453,2419,6.1,39,2026-02-27 21:45:07,2026-02-28 17:45:22,⚠️ Catálogo dice Inactivo pero SÍ tiene envíos reales — revisar y actualizar estado
Retomar onboarding,eliminaria,Sin documentar,Sin documentar,Utilidad,Push de viejo onboarding,Inactivo,False,Consultores,Inferido por patrón de nombre (revisar),Parcial,False,0,0,,0,,,OK
START IA,Sin documentar,Sin documentar,Sin documentar,Utilidad,NO ELIMINAR,Inactivo,False,ATC,Inferido por patrón de nombre (revisar),Parcial,False,0,0,,0,,,OK
Saludo Glina,eliminaria,Sin documentar,Sin documentar,Utilidad,Este usaba glina para cancelaciones,Inactivo,False,Sin equipo documentado,Sin documentar,Parcial,False,0,0,,0,,,OK
Solicitud de Postergar pago,Sin documentar,Sin documentar,Sin documentar,Utilidad,se habia creado para confirmar la postergacion de pago pero no se conectó,Inactivo,False,ATC,Inferido por patrón de nombre (revisar),Parcial,False,0,0,,0,,,OK
Tus Apegos Invitación,eliminaria,Sin documentar,Sin documentar,Marketing,Este se creó para el evento con edith shiro,Inactivo,False,ATC,Inferido por patrón de nombre (revisar),Parcial,False,0,0,,0,,,OK
YO FEST - recordatorio 16 de junio,eliminaria,Sin documentar,Sin documentar,Utilidad,Este se creó para el yofest,Inactivo,False,ATC,Inferido por patrón de nombre (revisar),Parcial,False,0,0,,0,,,OK
YO FEST- CLIENTE ACTIVO,eliminaria,Sin documentar,Sin documentar,Utilidad,Este se creó para el yofest,Inactivo,False,ATC,Inferido por patrón de nombre (revisar),Parcial,False,0,0,,0,,,OK
